row ID;Ancienneté_an;Distance domicile/Travail;Service;Work_accident;Niveau de satisfaction;Contrat;Durée hebdo;Salaire base mensuel;%variable_moyen;Augmentation;Promotion;Sexe;Etat Civil;Congé maternité A-1;Enfants;Age;salaire_mensuelle_global;Durée Travail;Tranche_Ancienneté
Row0_Row0_Row0;18;56;Marketing;Non;34;CDI;35;9999.3833;27;0;0;H;Célibataire;0;0;40-45 ans;12699.216790999999;TC;15-19 ans
Row1_Row1_Row1;13;26;Compta Finances;Non;78;CDI;35;9978.15;34;0;0;H;Célibataire;0;0;45-50 ans;13370.721;TC;10-14 ans
Row2_Row2_Row2;23;4;Marketing;Non;45;CDI;35;9940.2333;24;0;0;H;Marié;0;0;40-45 ans;12325.889292;TC;20-24 ans
Row3_Row3_Row3;10;16;RH;Non;58;CDI;35;9928.1;27;1;1;H;0;0;3;30-35 ans;12608.687;TC;10-14 ans
Row4_Row4_Row4;22;69;Consultant;Non;60;CDI;35;9873.5;13;0;0;F;Marié;0;3;40-45 ans;11157.055;TC;20-24 ans
Row5_Row5_Row5;17;48;Commercial;Oui;40;CDI;35;9785.5333;28;0;0;H;Célibataire;0;1;35-40 ans;12525.482623999998;TC;15-19 ans
Row6_Row6_Row6;6;23;Consultant;Non;69;CDI;35;9782.5;38;0;0;F;Célibataire;0;0;40-45 ans;13499.85;TC;05-09 ans
Row7_Row7_Row7;10;56;Commercial;Oui;13;CDI;35;9777.95;4;1;0;F;Marié;0;0;40-45 ans;10169.068000000001;TC;10-14 ans
Row8_Row8_Row8;7;62;Consultant;Non;72;CDI;35;9737;12;1;1;H;Marié;0;1;50-55 ans;10905.44;TC;05-09 ans
Row9_Row9_Row9;19;13;RH;Non;3;CDI;35;9642.9667;17;0;0;H;Célibataire;0;0;50-55 ans;11282.271039000001;TC;15-19 ans
Row10_Row10_Row10;6;68;RH;Oui;32;CDI;35;9635.3833;19;1;0;H;Célibataire;0;2;40-45 ans;11466.106127;TC;05-09 ans
Row11_Row11_Row11;8;28;Informatique;Non;77;CDI;35;9573.2;5;1;0;H;Marié;0;2;45-50 ans;10051.86;TC;05-09 ans
Row12_Row12_Row12;19;26;Commercial;Oui;48;CDI;35;9573.2;7;0;0;H;0;0;1;45-50 ans;10243.324;TC;15-19 ans
Row13_Row13_Row13;14;50;Commercial;Non;15;CDI;35;9555;20;1;0;F;0;0;1;30-35 ans;11466;TC;10-14 ans
Row14_Row14_Row14;14;63;Commercial;Non;81;CDI;35;9497.3667;17;1;0;F;0;0;3;45-50 ans;11111.919039;TC;10-14 ans
Row15_Row15_Row15;15;6;Commercial;Non;52;CDI;35;9488.2667;38;1;1;H;0;0;0;50-55 ans;13093.808046;TC;15-19 ans
Row16_Row16_Row16;21;61;Consultant;Non;1;CDI;35;9447.3167;0;1;0;H;Célibataire;0;2;45-50 ans;9447.3167;TC;20-24 ans
Row17_Row17_Row17;24;40;Consultant;Non;9;CDI;35;9426.0833;24;1;0;F;Marié;0;1;50-55 ans;11688.343292000001;TC;20-24 ans
Row18_Row18_Row18;20;12;Consultant;Non;25;CDI;35;9400.3;3;1;0;H;Marié;0;1;55-60 ans;9682.309;TC;20-24 ans
Row19_Row19_Row19;9;46;Informatique;Non;74;CDI;35;9366.9333;8;1;1;F;0;0;1;45-50 ans;10116.287964000001;TC;05-09 ans
Row20_Row20_Row20;7;5;Compta Finances;Non;84;CDI;35;9256.2167;1;1;0;F;Marié;0;1;55-60 ans;9348.778867;TC;05-09 ans
Row21_Row21_Row21;7;20;Marketing;Non;69;CDI;35;9218.3;4;0;0;F;Célibataire;0;1;40-45 ans;9587.032;TC;05-09 ans
Row22_Row22_Row22;9;46;Consultant;Non;7;CDI;35;9162.1833;17;1;0;F;Célibataire;0;3;50-55 ans;10719.754461;TC;05-09 ans
Row23_Row23_Row23;6;44;Informatique;Oui;8;CDI;35;9096.9667;21;0;0;H;Célibataire;0;3;55-60 ans;11007.329707;TC;05-09 ans
Row24_Row24_Row24;18;64;Commercial;Non;11;CDI;35;9069.6667;1;0;0;H;Marié;0;2;40-45 ans;9160.363367;TC;15-19 ans
Row25_Row25_Row25;11;30;RH;Non;1;CDI;35;9039.3333;20;1;1;H;Marié;0;0;25-30 ans;10847.19996;TC;10-14 ans
Row26_Row26_Row26;12;65;RH;Non;59;CDI;32;8860.8;19;1;0;F;Célibataire;0;3;40-45 ans;10544.351999999999;TP;10-14 ans
Row27_Row27_Row27;11;18;Commercial;Oui;84;CDI;35;8828.5167;17;0;1;F;Célibataire;0;3;30-35 ans;10329.364539;TC;10-14 ans
Row28_Row28_Row28;5;5;RH;Non;62;CDI;35;8746.6167;19;0;1;F;Célibataire;0;3;35-40 ans;10408.473873;TC;05-09 ans
Row29_Row29_Row29;8;50;Informatique;Non;93;CDI;35;8716.2833;20;0;0;H;Marié;0;1;30-35 ans;10459.539959999998;TC;05-09 ans
Row30_Row30_Row30;16;24;Commercial;Non;80;CDI;35;8714.7667;37;1;0;H;Marié;0;0;55-60 ans;11939.230379;TC;15-19 ans
Row31_Row31_Row31;13;19;Marketing;Non;89;CDI;35;8696.5667;34;1;0;H;Marié;0;3;55-60 ans;11653.399377999998;TC;10-14 ans
Row32_Row32_Row32;9;60;Compta Finances;Non;26;CDI;35;8696.5667;37;0;0;H;0;0;3;55-60 ans;11914.296379;TC;05-09 ans
Row33_Row33_Row33;16;68;Compta Finances;Non;25;CDI;35;8655.6167;26;1;0;F;Marié;0;0;40-45 ans;10906.077042;TC;15-19 ans
Row34_Row34_Row34;19;38;Commercial;Non;44;CDI;35;8629.8333;3;0;0;F;Célibataire;0;0;45-50 ans;8888.728299;TC;15-19 ans
Row35_Row35_Row35;22;55;RH;Non;87;CDI;35;8563.1;7;0;0;H;Marié;0;2;40-45 ans;9162.517;TC;20-24 ans
Row36_Row36_Row36;15;31;Informatique;Non;35;CDI;35;8458.45;1;0;0;H;Célibataire;0;2;35-40 ans;8543.034500000002;TC;15-19 ans
Row37_Row37_Row37;20;57;Commercial;Oui;44;CDI;35;8428.1167;18;1;0;H;Célibataire;0;2;50-55 ans;9945.177706;TC;20-24 ans
Row38_Row38_Row38;12;54;Compta Finances;Non;96;CDI;35;8422.05;38;0;1;F;0;0;0;50-55 ans;11622.428999999998;TC;10-14 ans
Row39_Row39_Row39;6;29;Commercial;Oui;14;CDI;35;8337.1167;16;0;1;H;0;0;0;30-35 ans;9671.055372;TC;05-09 ans
Row40_Row40_Row40;5;34;Compta Finances;Non;42;CDI;35;8332.5667;12;0;0;F;0;0;3;35-40 ans;9332.474704;TC;05-09 ans
Row41_Row41_Row41;10;59;Compta Finances;Non;60;CDI;35;8328.0167;14;1;0;F;Célibataire;0;1;35-40 ans;9493.939038;TC;10-14 ans
Row42_Row42_Row42;20;55;RH;Non;78;CDI;35;8277.9667;10;0;0;H;Marié;0;0;35-40 ans;9105.76337;TC;20-24 ans
Row43_Row43_Row43;16;28;Compta Finances;Non;32;CDI;35;8218.8167;14;0;0;F;Célibataire;0;2;60-65 ans;9369.451038;TC;15-19 ans
Row44_Row44_Row44;18;23;Commercial;Oui;54;CDI;35;8126.3;36;1;0;F;0;0;1;45-50 ans;11051.768;TC;15-19 ans
Row45_Row45_Row45;12;68;RH;Non;69;CDI;35;8108.1;38;0;0;F;0;0;1;30-35 ans;11189.178;TC;10-14 ans
Row46_Row46_Row46;16;29;Compta Finances;Non;70;CDI;35;8073.2167;38;1;1;H;0;0;3;45-50 ans;11141.039046;TC;15-19 ans
Row47_Row47_Row47;22;31;Marketing;Non;75;CDI;35;8056.5333;14;0;0;F;0;0;1;45-50 ans;9184.447962;TC;20-24 ans
Row48_Row48_Row48;10;31;Compta Finances;Non;32;CDI;35;8056.5333;13;0;1;F;0;0;1;55-60 ans;9103.882629;TC;10-14 ans
Row49_Row49_Row49;11;27;Commercial;Non;78;CDI;35;7942.7833;38;1;0;F;Célibataire;0;3;45-50 ans;10961.040954;TC;10-14 ans
Row50_Row50_Row50;10;21;Commercial;Oui;42;CDI;35;7927.6167;32;1;0;H;Célibataire;0;2;45-50 ans;10464.454044;TC;10-14 ans
Row51_Row51_Row51;23;3;Compta Finances;Oui;65;CDI;35;7898.8;35;0;0;F;Marié;0;1;60-65 ans;10663.380000000001;TC;20-24 ans
Row52_Row52_Row52;16;47;Compta Finances;Non;53;CDI;35;7889.7;27;0;0;F;Célibataire;0;0;30-35 ans;10019.919;TC;15-19 ans
Row53_Row53_Row53;22;28;RH;Non;63;CDI;35;7877.5667;36;1;0;F;0;0;3;45-50 ans;10713.490712;TC;20-24 ans
Row54_Row54_Row54;15;62;Compta Finances;Non;96;CDI;35;7753.2;21;1;0;H;0;0;2;40-45 ans;9381.372;TC;15-19 ans
Row55_Row55_Row55;14;31;Commercial;Oui;31;CDI;35;7713.7667;23;1;0;H;Marié;0;3;50-55 ans;9487.933041;TC;10-14 ans
Row56_Row56_Row56;8;70;RH;Non;86;CDI;35;7710.7333;27;0;0;H;Marié;0;2;35-40 ans;9792.631291;TC;05-09 ans
Row57_Row57_Row57;17;69;RH;Non;47;CDI;35;7687.9833;9;0;0;F;Marié;0;0;40-45 ans;8379.901797;TC;15-19 ans
Row58_Row58_Row58;4;30;Consultant;Non;77;CDI;35;7672.8167;37;1;1;F;Marié;0;3;40-45 ans;10511.758879;TC;0-04 ans
Row59_Row59_Row59;23;60;Informatique;Non;54;CDI;35;7654.6167;5;1;0;H;Marié;0;3;40-45 ans;8037.347535;TC;20-24 ans
Row60_Row60_Row60;9;34;RH;Non;84;CDI;35;7637.9333;21;1;0;F;0;0;1;50-55 ans;9241.899293;TC;05-09 ans
Row61_Row61_Row61;14;68;Marketing;Non;59;CDI;35;7637.9333;27;0;0;H;Marié;0;3;35-40 ans;9700.175291;TC;10-14 ans
Row62_Row62_Row62;12;53;Compta Finances;Non;55;CDI;35;7601.5333;19;1;1;F;0;0;0;40-45 ans;9045.824627;TC;10-14 ans
Row63_Row63_Row63;22;55;Commercial;Non;77;CDI;35;7496.8833;6;1;0;F;Marié;0;0;40-45 ans;7946.696298000001;TC;20-24 ans
Row64_Row64_Row64;6;67;Compta Finances;Non;70;CDI;35;7377.0667;17;1;0;F;0;0;1;55-60 ans;8631.168039;TC;05-09 ans
Row65_Row65_Row65;10;48;Marketing;Non;17;CDI;28;7358.8667;31;1;0;H;Célibataire;0;2;25-30 ans;9640.115377;TP;10-14 ans
Row66_Row66_Row66;20;53;Consultant;Non;24;CDI;35;7308.8167;12;0;0;F;0;0;3;35-40 ans;8185.874704;TC;20-24 ans
Row67_Row67_Row67;8;59;Consultant;Non;34;CDI;35;7304.2667;17;1;0;F;Marié;0;0;35-40 ans;8545.992039;TC;05-09 ans
Row68_Row68_Row68;9;65;Consultant;Non;5;CDI;28;7269.08;7;1;1;H;Marié;0;2;45-50 ans;7777.9156;TP;05-09 ans
Row69_Row69_Row69;16;65;Marketing;Non;64;CDI;35;7264.8333;31;0;0;H;Célibataire;0;2;55-60 ans;9516.931623;TC;15-19 ans
Row70_Row70_Row70;13;16;RH;Non;84;CDI;35;7263.3167;30;1;1;H;Marié;0;3;50-55 ans;9442.31171;TC;10-14 ans
Row71_Row71_Row71;6;67;Compta Finances;Non;66;CDI;35;7185.9667;7;1;0;H;0;0;2;60-65 ans;7688.984369;TC;05-09 ans
Row72_Row72_Row72;24;28;Marketing;Non;54;CDI;35;7184.45;37;1;1;H;0;0;0;40-45 ans;9842.6965;TC;20-24 ans
Row73_Row73_Row73;6;68;Consultant;Non;89;CDI;35;7178.3833;38;1;0;H;Célibataire;0;2;30-35 ans;9906.168954;TC;05-09 ans
Row74_Row74_Row74;4;26;RH;Non;6;CDI;35;7157.15;3;0;0;F;Célibataire;0;0;35-40 ans;7371.8645;TC;0-04 ans
Row75_Row75_Row75;8;27;RH;Oui;42;CDI;35;7148.05;21;1;0;F;0;1;1;35-40 ans;8649.140500000001;TC;05-09 ans
Row76_Row76_Row76;23;29;Commercial;Oui;39;CDI;35;7098;1;1;0;H;Célibataire;0;1;45-50 ans;7168.98;TC;20-24 ans
Row77_Row77_Row77;20;8;Informatique;Non;31;CDI;35;7081.3167;26;0;0;H;Marié;0;0;50-55 ans;8922.459042;TC;20-24 ans
Row78_Row78_Row78;19;50;Consultant;Non;99;CDI;35;6973.6333;31;0;1;H;Marié;0;0;50-55 ans;9135.459623;TC;15-19 ans
Row79_Row79_Row79;17;45;Commercial;Non;21;CDI;35;6902.35;17;0;1;F;Marié;0;3;35-40 ans;8075.7495;TC;15-19 ans
Row80_Row80_Row80;24;37;Marketing;Non;1;CDI;24;6842.16;21;1;0;H;Célibataire;0;1;55-60 ans;8279.0136;TP;20-24 ans
Row81_Row81_Row81;3;6;Commercial;Oui;41;CDI;35;6838.65;5;1;0;F;Célibataire;1;3;30-35 ans;7180.5824999999995;TC;0-04 ans
Row82_Row82_Row82;24;35;Commercial;Non;47;CDI;35;6818.9333;14;1;0;F;Marié;0;2;45-50 ans;7773.583962;TC;20-24 ans
Row83_Row83_Row83;23;59;Compta Finances;Non;6;CDI;32;6743.36;4;0;0;F;Marié;0;3;40-45 ans;7013.0944;TP;20-24 ans
Row84_Row84_Row84;20;65;Consultant;Oui;63;CDI;35;6591.4333;19;0;0;F;Célibataire;0;1;55-60 ans;7843.805627;TC;20-24 ans
Row85_Row85_Row85;13;59;Marketing;Non;67;CDI;35;6583.85;13;1;0;F;0;0;2;55-60 ans;7439.7505;TC;10-14 ans
Row86_Row86_Row86;23;67;Informatique;Non;4;CDI;35;6526.2167;36;0;1;H;0;0;1;55-60 ans;8875.654712;TC;20-24 ans
Row87_Row87_Row87;6;12;Informatique;Oui;30;CDI;35;6494.3667;1;0;0;H;0;0;0;35-40 ans;6559.310366999999;TC;05-09 ans
Row88_Row88_Row88;7;59;Consultant;Non;72;CDI;35;6413.9833;24;1;0;F;0;0;3;40-45 ans;7953.339292;TC;05-09 ans
Row89_Row89_Row89;7;38;Consultant;Non;80;CDI;35;6409.4333;21;0;0;H;0;0;2;50-55 ans;7755.414293;TC;05-09 ans
Row90_Row90_Row90;7;29;Consultant;Non;68;CDI;35;6398.8167;11;1;0;H;0;0;0;45-50 ans;7102.6865370000005;TC;05-09 ans
Row91_Row91_Row91;4;40;Informatique;Non;4;CDI;35;6356.35;26;1;0;F;Marié;0;1;30-35 ans;8009.001;TC;0-04 ans
Row92_Row92_Row92;10;28;Consultant;Non;39;CDI;35;6301.75;34;0;0;F;0;0;1;55-60 ans;8444.345;TC;10-14 ans
Row93_Row93_Row93;5;51;Commercial;Non;3;CDI;35;6212.2667;5;1;0;F;Marié;0;2;45-50 ans;6522.880035;TC;05-09 ans
Row94_Row94_Row94;13;27;Commercial;Non;56;CDI;35;6195.5833;23;0;1;H;Célibataire;0;1;45-50 ans;7620.567459;TC;10-14 ans
Row95_Row95_Row95;23;48;Informatique;Non;57;CDI;24;6178.64;17;0;0;H;0;0;2;45-50 ans;7229.0088000000005;TP;20-24 ans
Row96_Row96_Row96;10;30;RH;Non;29;CDI;35;6175.8667;38;0;0;H;Célibataire;0;0;25-30 ans;8522.696046;TC;10-14 ans
Row97_Row97_Row97;24;70;Commercial;Non;38;CDI;35;6163.7333;16;1;1;F;Célibataire;0;2;45-50 ans;7149.930628;TC;20-24 ans
Row98_Row98_Row98;14;65;Compta Finances;Non;94;CDI;35;6127.3333;0;1;1;F;Marié;0;3;45-50 ans;6127.3333;TC;10-14 ans
Row99_Row99_Row99;20;45;Commercial;Oui;7;CDI;35;6121.2667;32;0;0;H;0;0;0;35-40 ans;8080.0720440000005;TC;20-24 ans
Row100_Row100_Row100;17;65;Consultant;Non;36;CDI;35;6043.9167;3;1;0;H;Célibataire;0;2;40-45 ans;6225.234200999999;TC;15-19 ans
Row101_Row101_Row101;19;35;Commercial;Oui;74;CDI;35;6031.7833;39;1;0;H;Célibataire;0;2;45-50 ans;8384.178787;TC;15-19 ans
Row102_Row102_Row102;23;38;Marketing;Oui;70;CDI;35;6002.9667;2;1;0;H;Marié;0;1;45-50 ans;6123.0260339999995;TC;20-24 ans
Row103_Row103_Row103;25;62;Commercial;Non;17;CDI;35;5984.7667;6;0;0;H;Célibataire;0;3;45-50 ans;6343.852702;TC;25-29 ans
Row104_Row104_Row104;8;65;Marketing;Non;1;CDI;24;5951.92;32;1;0;F;0;0;0;50-55 ans;7856.5344000000005;TP;05-09 ans
Row105_Row105_Row105;16;69;Commercial;Non;41;CDI;35;5949.8833;17;1;0;H;0;0;3;30-35 ans;6961.363461000001;TC;15-19 ans
Row106_Row106_Row106;6;23;Marketing;Non;37;CDI;35;5930.1667;33;0;0;H;Marié;0;3;40-45 ans;7887.121711;TC;05-09 ans
Row107_Row107_Row107;22;64;Commercial;Non;15;CDI;24;5895.76;23;1;0;F;0;0;3;50-55 ans;7251.7848;TP;20-24 ans
Row108_Row108_Row108;6;61;Consultant;Non;94;CDI;35;5810.35;36;1;0;H;0;0;1;35-40 ans;7902.076000000001;TC;05-09 ans
Row109_Row109_Row109;21;22;Commercial;Non;15;CDI;35;5805.8;37;0;0;H;Marié;0;3;35-40 ans;7953.946;TC;20-24 ans
Row110_Row110_Row110;14;51;Commercial;Non;19;CDI;35;5749.6833;17;0;0;H;Marié;0;0;50-55 ans;6727.1294609999995;TC;10-14 ans
Row111_Row111_Row111;25;30;Consultant;Non;51;CDI;35;5739.0667;6;1;1;F;0;0;1;50-55 ans;6083.410702;TC;25-29 ans
Row112_Row112_Row112;19;49;Compta Finances;Non;100;CDI;24;5724.16;15;1;0;H;Célibataire;0;3;35-40 ans;6582.784;TP;15-19 ans
Row113_Row113_Row113;16;48;Consultant;Non;50;CDI;35;5585.8833;17;1;0;F;Marié;0;1;25-30 ans;6535.483461000001;TC;15-19 ans
Row114_Row114_Row114;24;47;Commercial;Oui;86;CDI;35;5581.3333;20;1;1;F;0;0;1;35-40 ans;6697.5999600000005;TC;20-24 ans
Row115_Row115_Row115;6;70;RH;Non;7;CDI;35;5522.1833;9;1;0;F;0;0;2;60-65 ans;6019.179797;TC;05-09 ans
Row116_Row116_Row116;23;9;Marketing;Non;81;CDI;35;5517.6333;23;1;1;H;Marié;0;1;45-50 ans;6786.688959000001;TC;20-24 ans
Row117_Row117_Row117;10;6;Commercial;Non;47;CDI;35;5464.55;34;0;0;H;0;0;0;45-50 ans;7322.497;TC;10-14 ans
Row118_Row118_Row118;8;60;Marketing;Non;25;CDI;24;5462.08;39;0;0;H;Célibataire;0;2;30-35 ans;7592.2912;TP;05-09 ans
Row119_Row119_Row119;19;7;Consultant;Non;8;CDI;35;5455.45;7;0;0;H;Célibataire;0;3;50-55 ans;5837.3315;TC;15-19 ans
Row120_Row120_Row120;7;9;Consultant;Non;51;CDI;24;5448.56;30;0;0;H;0;0;3;50-55 ans;7083.128000000001;TP;05-09 ans
Row121_Row121_Row121;8;17;Consultant;Non;51;CDI;35;5388.7167;30;1;0;F;Célibataire;0;1;40-45 ans;7005.33171;TC;05-09 ans
Row122_Row122_Row122;16;45;RH;Non;80;CDI;35;5359.9;4;1;0;H;0;0;1;60-65 ans;5574.295999999999;TC;15-19 ans
Row123_Row123_Row123;19;16;RH;Non;30;CDI;35;5293.1667;39;0;0;F;Marié;0;3;60-65 ans;7357.501713;TC;15-19 ans
Row124_Row124_Row124;4;39;Informatique;Non;32;CDI;35;5212.7833;11;0;0;H;0;0;0;50-55 ans;5786.189463;TC;0-04 ans
Row125_Row125_Row125;10;22;RH;Non;77;CDI;35;5106.6167;10;0;0;F;Célibataire;0;3;45-50 ans;5617.27837;TC;10-14 ans
Row126_Row126_Row126;9;35;Consultant;Non;62;CDI;28;5097.2133;10;1;0;H;Marié;0;0;40-45 ans;5606.934630000001;TP;05-09 ans
Row127_Row127_Row127;23;49;Commercial;Non;31;CDI;35;5092.9667;11;1;0;F;0;0;0;40-45 ans;5653.193037;TC;20-24 ans
Row128_Row128_Row128;4;43;RH;Non;20;CDI;35;5076.2833;33;0;0;F;Marié;0;0;50-55 ans;6751.456789;TC;0-04 ans
Row129_Row129_Row129;15;34;RH;Non;55;CDI;35;5067.1833;39;1;0;F;Célibataire;0;0;50-55 ans;7043.384787;TC;15-19 ans
Row130_Row130_Row130;16;66;RH;Non;46;CDI;35;5056.5667;24;1;0;F;0;1;2;30-35 ans;6270.142708;TC;15-19 ans
Row131_Row131_Row131;24;55;RH;Non;95;CDI;35;5035.3333;24;0;0;H;Marié;0;3;55-60 ans;6243.813292000001;TC;20-24 ans
Row132_Row132_Row132;22;37;Compta Finances;Non;52;CDI;35;4988.3167;8;0;0;H;0;0;0;45-50 ans;5387.382036;TC;20-24 ans
Row133_Row133_Row133;12;31;Commercial;Oui;66;CDI;24;4974.32;32;0;0;F;Célibataire;0;2;55-60 ans;6566.1024;TP;10-14 ans
Row134_Row134_Row134;10;45;Commercial;Non;1;CDI;24;4882.8;17;1;0;F;Marié;0;0;50-55 ans;5712.876;TP;10-14 ans
Row135_Row135_Row135;21;64;RH;Non;11;CDI;24;4851.6;14;0;0;F;Marié;0;0;35-40 ans;5530.8240000000005;TP;20-24 ans
Row136_Row136_Row136;6;7;Consultant;Non;33;CDI;24;4795.44;19;0;1;H;0;0;0;30-35 ans;5706.5736;TP;05-09 ans
Row137_Row137_Row137;11;44;Marketing;Non;73;CDI;35;4763.85;7;1;0;F;Marié;0;2;35-40 ans;5097.3195000000005;TC;10-14 ans
Row138_Row138_Row138;12;66;Consultant;Non;46;CDI;35;4712.2833;26;1;0;F;Célibataire;0;0;40-45 ans;5937.476958;TC;10-14 ans
Row139_Row139_Row139;24;39;Informatique;Oui;32;CDI;35;4663.75;5;0;0;F;Célibataire;0;2;55-60 ans;4896.9375;TC;20-24 ans
Row140_Row140_Row140;10;35;Marketing;Non;92;CDI;35;4624.3167;15;0;0;H;Marié;0;1;35-40 ans;5317.964205;TC;10-14 ans
Row141_Row141_Row141;16;55;Marketing;Oui;51;CDI;35;4563.65;38;1;0;F;Célibataire;0;1;45-50 ans;6297.8369999999995;TC;15-19 ans
Row142_Row142_Row142;17;42;Consultant;Non;90;CDI;35;4516.6333;34;1;0;F;0;0;1;40-45 ans;6052.288622;TC;15-19 ans
Row143_Row143_Row143;6;59;RH;Non;46;CDI;35;4499.95;22;1;0;H;Marié;0;1;50-55 ans;5489.938999999999;TC;05-09 ans
Row144_Row144_Row144;3;3;Consultant;Non;2;CDI;35;4449.9;33;1;0;H;Marié;0;3;50-55 ans;5918.366999999999;TC;0-04 ans
Row145_Row145_Row145;24;58;Marketing;Non;29;CDI;35;4424.1167;30;0;0;F;Célibataire;0;3;45-50 ans;5751.351709999999;TC;20-24 ans
Row146_Row146_Row146;14;8;Compta Finances;Non;28;CDI;35;4421.0833;6;1;1;H;Célibataire;0;3;50-55 ans;4686.348298;TC;10-14 ans
Row147_Row147_Row147;11;32;Consultant;Non;39;CDI;35;4296.7167;39;0;0;H;Célibataire;0;0;60-65 ans;5972.436213;TC;10-14 ans
Row148_Row148_Row148;13;33;Consultant;Non;82;CDI;35;4289.1333;12;0;1;F;Marié;0;0;60-65 ans;4803.829296000001;TC;10-14 ans
Row149_Row149_Row149;8;63;Consultant;Non;50;CDI;35;4281.55;13;1;0;H;Marié;0;3;35-40 ans;4838.1515;TC;05-09 ans
Row150_Row150_Row150;16;69;Compta Finances;Non;48;CDI;35;4263.35;31;0;0;H;Célibataire;0;0;50-55 ans;5584.9885;TC;15-19 ans
Row151_Row151_Row151;9;57;Compta Finances;Non;4;CDI;35;4204.2;39;1;0;F;Célibataire;0;0;50-55 ans;5843.838;TC;05-09 ans
Row152_Row152_Row152;5;33;Compta Finances;Non;14;CDI;35;4198.1333;34;1;0;F;0;0;2;30-35 ans;5625.498622000001;TC;05-09 ans
Row153_Row153_Row153;23;43;Informatique;Non;41;CDI;24;4165.2;12;0;0;H;Marié;0;2;55-60 ans;4665.023999999999;TP;20-24 ans
Row154_Row154_Row154;16;46;Commercial;Oui;60;CDI;35;4152.6333;7;1;0;F;Marié;0;0;45-50 ans;4443.317631000001;TC;15-19 ans
Row155_Row155_Row155;23;62;Consultant;Non;34;CDI;35;4134.4333;22;0;0;H;Célibataire;0;0;35-40 ans;5044.008626;TC;20-24 ans
Row156_Row156_Row156;7;7;RH;Non;35;CDI;24;4117.36;8;1;0;F;Marié;0;1;60-65 ans;4446.748799999999;TP;05-09 ans
Row157_Row157_Row157;22;37;Marketing;Non;74;CDI;35;4082.8667;28;0;0;F;Marié;0;1;40-45 ans;5226.069376;TC;20-24 ans
Row158_Row158_Row158;16;36;Marketing;Non;37;CDI;35;4022.2;14;0;0;H;Marié;0;1;55-60 ans;4585.308;TC;15-19 ans
Row159_Row159_Row159;8;59;Compta Finances;Non;93;CDI;35;4013.1;12;0;0;F;0;0;0;35-40 ans;4494.672;TC;05-09 ans
Row160_Row160_Row160;24;62;Consultant;Non;60;CDI;35;4000.9667;40;1;0;H;0;0;0;40-45 ans;5601.3533800000005;TC;20-24 ans
Row161_Row161_Row161;7;28;Consultant;Non;13;CDI;35;3891.7667;32;0;0;H;0;0;2;55-60 ans;5137.132044;TC;05-09 ans
Row162_Row162_Row162;12;46;RH;Non;49;CDI;35;3882.6667;1;0;1;H;Marié;0;1;30-35 ans;3921.493367;TC;10-14 ans
Row163_Row163_Row163;25;44;Compta Finances;Non;47;CDI;24;3853.2;9;1;1;F;Marié;0;1;50-55 ans;4199.987999999999;TP;25-29 ans
Row164_Row164_Row164;15;13;RH;Non;99;CDI;35;3835.65;26;0;0;F;Célibataire;0;3;50-55 ans;4832.919;TC;15-19 ans
Row165_Row165_Row165;20;9;RH;Non;39;CDI;35;3803.8;30;0;0;H;0;0;1;40-45 ans;4944.9400000000005;TC;20-24 ans
Row166_Row166_Row166;25;53;Commercial;Non;61;CDI;35;3800.7667;9;1;1;F;Marié;0;3;55-60 ans;4142.835703;TC;25-29 ans
Row167_Row167_Row167;24;52;RH;Non;29;CDI;35;3797.7333;24;0;0;F;0;0;1;50-55 ans;4709.189292;TC;20-24 ans
Row168_Row168_Row168;13;68;RH;Oui;62;CDI;35;3705.2167;29;1;0;F;0;0;1;45-50 ans;4779.7295429999995;TC;10-14 ans
Row169_Row169_Row169;0;42;Marketing;Non;25;CDD;35;3693.0833;24;0;0;H;Marié;0;2;35-40 ans;4579.4232919999995;TC;0-04 ans
Row170_Row170_Row170;23;47;Commercial;Non;95;CDI;35;3677.9167;33;0;1;H;Marié;0;1;35-40 ans;4891.629211;TC;20-24 ans
Row171_Row171_Row171;19;41;Marketing;Non;69;CDI;35;3655.1667;33;0;0;H;0;0;1;60-65 ans;4861.371711;TC;15-19 ans
Row172_Row172_Row172;1;9;Marketing;Non;96;CDD;35;3640;6;0;0;F;0;0;1;45-50 ans;3858.4;TC;0-04 ans
Row173_Row173_Row173;17;60;Marketing;Non;38;CDI;35;3597.5333;32;1;0;F;0;0;2;35-40 ans;4748.743956;TC;15-19 ans
Row174_Row174_Row174;22;48;Marketing;Non;81;CDI;35;3582.3667;30;1;0;H;Marié;0;2;45-50 ans;4657.07671;TC;20-24 ans
Row175_Row175_Row175;12;43;Consultant;Non;1;CDI;35;3547.4833;39;1;0;F;Célibataire;1;2;25-30 ans;4931.001786999999;TC;10-14 ans
Row176_Row176_Row176;24;60;RH;Non;92;CDI;35;3508.05;11;0;1;H;Célibataire;0;2;45-50 ans;3893.9355;TC;20-24 ans
Row177_Row177_Row177;3;13;RH;Non;65;CDI;35;3486.8167;19;0;0;H;Célibataire;0;2;30-35 ans;4149.311873;TC;0-04 ans
Row178_Row178_Row178;21;13;Marketing;Oui;99;CDI;35;3462.55;3;1;0;H;0;0;0;40-45 ans;3566.4265;TC;20-24 ans
Row179_Row179_Row179;10;38;Consultant;Non;25;CDI;35;3459.5167;30;0;0;F;Célibataire;0;1;55-60 ans;4497.37171;TC;10-14 ans
Row180_Row180_Row180;10;11;Compta Finances;Non;44;CDI;35;3436.7667;27;1;0;H;Marié;0;0;35-40 ans;4364.693709;TC;10-14 ans
Row181_Row181_Row181;17;11;Compta Finances;Non;56;CDI;35;3383.6833;23;0;0;H;Célibataire;0;2;45-50 ans;4161.930459;TC;15-19 ans
Row182_Row182_Row182;8;6;RH;Non;90;CDI;35;3335.15;28;1;0;H;Marié;0;3;50-55 ans;4268.992;TC;05-09 ans
Row183_Row183_Row183;17;28;Commercial;Non;42;CDI;35;3260.8333;30;1;0;F;Marié;0;1;35-40 ans;4239.08329;TC;15-19 ans
Row184_Row184_Row184;9;13;Marketing;Non;25;CDI;35;3256.2833;34;0;0;F;Marié;0;3;50-55 ans;4363.419621999999;TC;05-09 ans
Row185_Row185_Row185;24;8;Consultant;Non;36;CDI;35;3232.0167;35;0;0;H;Marié;0;1;40-45 ans;4363.2225450000005;TC;20-24 ans
Row186_Row186_Row186;19;23;RH;Non;23;CDI;35;3218.3667;27;1;0;F;Marié;0;3;50-55 ans;4087.325709;TC;15-19 ans
Row187_Row187_Row187;1;8;Compta Finances;Non;45;CDD;35;3201.6833;38;0;0;F;Célibataire;0;1;25-30 ans;4418.322954;TC;0-04 ans
Row188_Row188_Row188;2;60;Commercial;Non;58;CDD;35;3185;3;0;0;F;Marié;0;3;40-45 ans;3280.55;TC;0-04 ans
Row189_Row189_Row189;1;42;Consultant;Non;18;CDD;35;3168.3167;10;0;0;F;Marié;0;3;45-50 ans;3485.14837;TC;0-04 ans
Row190_Row190_Row190;7;18;Commercial;Oui;67;CDI;35;3165.2833;0;0;0;F;Marié;0;2;55-60 ans;3165.2833;TC;05-09 ans
Row191_Row191_Row191;8;43;RH;Non;48;CDI;24;3116.88;37;0;0;F;0;0;3;60-65 ans;4270.1256;TP;05-09 ans
Row192_Row192_Row192;25;58;Consultant;Non;19;CDI;35;3097.0333;13;0;0;F;Célibataire;0;1;60-65 ans;3499.647629;TC;25-29 ans
Row193_Row193_Row193;20;30;RH;Non;73;CDI;24;3060.72;6;0;0;F;Marié;0;2;50-55 ans;3244.3632;TP;20-24 ans
Row194_Row194_Row194;0;17;Consultant;Non;24;CDD;35;3033.3333;8;0;0;F;Marié;0;2;60-65 ans;3275.9999639999996;TC;0-04 ans
Row195_Row195_Row195;16;19;RH;Non;15;CDI;35;3012.1;19;1;0;F;Célibataire;0;2;50-55 ans;3584.399;TC;15-19 ans
Row196_Row196_Row196;8;13;Marketing;Non;22;CDI;35;2998.45;21;1;0;H;Célibataire;0;3;25-30 ans;3628.1245;TC;05-09 ans
Row197_Row197_Row197;5;30;Commercial;Oui;97;CDI;35;2928.6833;33;1;1;F;Marié;0;1;50-55 ans;3895.1487890000003;TC;05-09 ans
Row198_Row198_Row198;21;44;Consultant;Non;89;CDI;35;2918.0667;39;1;0;H;Célibataire;0;0;45-50 ans;4056.1127129999995;TC;20-24 ans
Row199_Row199_Row199;10;42;Commercial;Non;98;CDI;35;2916.55;35;1;0;F;Célibataire;0;2;35-40 ans;3937.3425;TC;10-14 ans
Row200_Row200_Row200;4;65;Marketing;Non;40;CDI;35;2912;35;0;1;F;Célibataire;0;2;55-60 ans;3931.2;TC;0-04 ans
Row201_Row201_Row201;2;15;Commercial;Non;76;CDD;35;2881.6667;27;0;0;F;Célibataire;0;1;50-55 ans;3659.7167090000003;TC;0-04 ans
Row202_Row202_Row202;3;15;Informatique;Oui;81;CDD;35;2848.3;15;1;0;H;0;0;0;30-35 ans;3275.545;TC;0-04 ans
Row203_Row203_Row203;12;11;Consultant;Non;69;CDI;35;2843.75;2;0;0;H;Marié;0;1;45-50 ans;2900.625;TC;10-14 ans
Row204_Row204_Row204;6;61;Consultant;Non;24;CDI;35;2834.65;15;1;0;H;Célibataire;0;3;60-65 ans;3259.8475000000003;TC;05-09 ans
Row205_Row205_Row205;24;9;Commercial;Non;86;CDI;35;2828.5833;21;0;0;H;Célibataire;0;3;50-55 ans;3422.5857929999997;TC;20-24 ans
Row206_Row206_Row206;13;17;Consultant;Non;9;CDI;28;2813.72;8;1;0;H;Célibataire;0;3;50-55 ans;3038.8176;TP;10-14 ans
Row207_Row207_Row207;24;14;Consultant;Non;66;CDI;35;2777.0167;10;1;0;H;0;0;1;55-60 ans;3054.71837;TC;20-24 ans
Row208_Row208_Row208;19;69;Compta Finances;Oui;89;CDI;35;2769.4333;33;0;0;H;0;0;2;35-40 ans;3683.346289;TC;15-19 ans
Row209_Row209_Row209;9;44;RH;Non;88;CDI;35;2767.9167;6;1;0;H;0;0;3;65-70 ans;2933.9917020000003;TC;05-09 ans
Row210_Row210_Row210;21;49;RH;Non;47;CDI;24;2735.2;27;0;0;H;Célibataire;0;0;55-60 ans;3473.7039999999997;TP;20-24 ans
Row211_Row211_Row211;16;21;Consultant;Non;3;CDI;35;2731.5167;4;1;0;F;Marié;0;2;45-50 ans;2840.777368;TC;15-19 ans
Row212_Row212_Row212;3;42;Consultant;Non;60;CDI;35;2675.4;20;1;0;H;0;0;0;50-55 ans;3210.48;TC;0-04 ans
Row213_Row213_Row213;20;61;Compta Finances;Non;70;CDI;35;2604.1167;32;1;0;H;Marié;0;0;60-65 ans;3437.434044;TC;20-24 ans
Row214_Row214_Row214;17;41;Consultant;Non;68;CDI;35;2561.65;13;0;0;H;Marié;0;0;35-40 ans;2894.6645;TC;15-19 ans
Row215_Row215_Row215;2;59;Consultant;Oui;59;CDD;35;2558.6167;22;0;0;H;Marié;0;2;35-40 ans;3121.512374;TC;0-04 ans
Row216_Row216_Row216;9;21;Commercial;Oui;79;CDI;35;2511.6;21;0;0;H;Marié;0;2;35-40 ans;3039.036;TC;05-09 ans
Row217_Row217_Row217;16;47;RH;Non;98;CDI;24;2507.44;18;1;1;F;0;0;2;45-50 ans;2958.7792;TP;15-19 ans
Row218_Row218_Row218;1;43;Consultant;Oui;6;CDD;32;2496;21;0;0;F;Célibataire;0;0;45-50 ans;3020.16;TP;0-04 ans
Row219_Row219_Row219;1;14;Marketing;Oui;70;CDD;35;2426.6667;21;0;0;F;Marié;0;1;45-50 ans;2936.266707;TC;0-04 ans
Row220_Row220_Row220;22;14;Commercial;Oui;62;CDI;35;2396.3333;11;0;0;H;Marié;0;2;45-50 ans;2659.9299629999996;TC;20-24 ans
Row221_Row221_Row221;13;20;Commercial;Non;52;CDI;35;2369.0333;20;0;0;F;0;0;1;35-40 ans;2842.8399600000002;TC;10-14 ans
Row222_Row222_Row222;1;12;Consultant;Non;100;CDD;32;2357.3333;12;0;0;H;Célibataire;0;1;50-55 ans;2640.213296;TP;0-04 ans
Row223_Row223_Row223;8;3;Commercial;Non;63;CDI;35;2309.8833;23;0;0;F;Célibataire;0;3;50-55 ans;2841.156459;TC;05-09 ans
Row224_Row224_Row224;1;14;Consultant;Non;81;CDD;35;2226.4667;2;0;0;F;0;0;3;30-35 ans;2270.996034;TC;0-04 ans
Row225_Row225_Row225;3;15;Consultant;Non;60;CDI;35;2132.4333;18;1;1;F;Célibataire;0;3;45-50 ans;2516.271294;TC;0-04 ans
Row226_Row226_Row226;2;6;Compta Finances;Non;84;CDD;35;2123.3333;39;0;0;F;0;0;1;55-60 ans;2951.433287;TC;0-04 ans
Row227_Row227_Row227;14;34;Compta Finances;Oui;40;CDI;35;2079.35;7;1;1;F;Marié;0;0;45-50 ans;2224.9045;TC;10-14 ans
Row228_Row228_Row228;21;5;Consultant;Non;59;CDI;35;2073.2833;28;0;0;F;Célibataire;0;2;40-45 ans;2653.802624;TC;20-24 ans
Row229_Row229_Row229;4;53;Commercial;Non;58;CDI;35;2070.25;34;0;0;F;0;0;1;55-60 ans;2774.135;TC;0-04 ans
Row230_Row230_Row230;9;45;Consultant;Non;95;CDI;35;2070.25;24;1;0;F;0;1;2;25-30 ans;2567.11;TC;05-09 ans
Row231_Row231_Row231;13;44;Consultant;Non;37;CDI;24;2055.04;12;0;0;H;0;0;2;60-65 ans;2301.6448;TP;10-14 ans
Row232_Row232_Row232;5;60;Compta Finances;Non;12;CDI;35;2052.05;13;0;0;F;Célibataire;0;0;25-30 ans;2318.8165000000004;TC;05-09 ans
Row233_Row233_Row233;7;58;Consultant;Non;92;CDI;35;2027.7833;19;0;0;F;Célibataire;0;1;35-40 ans;2413.062127;TC;05-09 ans
Row234_Row234_Row234;14;4;Consultant;Non;42;CDI;35;2024.75;4;1;0;H;Célibataire;0;0;45-50 ans;2105.74;TC;10-14 ans
Row235_Row235_Row235;4;61;Compta Finances;Non;44;CDI;35;2008.0667;35;1;0;F;0;1;1;25-30 ans;2710.890045;TC;0-04 ans
Row236_Row236_Row236;1;67;Marketing;Non;19;CDD;35;1989.8667;5;0;0;H;0;0;0;35-40 ans;2089.360035;TC;0-04 ans
Row237_Row237_Row237;6;46;Compta Finances;Non;31;CDI;35;1979.25;6;1;0;H;Célibataire;0;2;40-45 ans;2098.005;TC;05-09 ans
Row238_Row238_Row238;1;31;Compta Finances;Non;18;CDD;35;1920.1;17;1;0;F;Marié;1;3;30-35 ans;2246.517;TC;0-04 ans
Row239_Row239_Row239;12;28;Consultant;Non;45;CDI;35;1873.0833;27;0;0;H;0;0;1;45-50 ans;2378.815791;TC;10-14 ans
Row240_Row240_Row240;2;55;Marketing;Non;67;CDI;35;1863.9833;12;1;0;F;Célibataire;1;3;30-35 ans;2087.661296;TC;0-04 ans
Row241_Row241_Row241;24;38;Consultant;Non;15;CDI;28;1851.5467;19;0;0;H;Célibataire;0;0;40-45 ans;2203.340573;TP;20-24 ans
Row242_Row242_Row242;19;3;Compta Finances;Non;15;CDI;35;1835.1667;6;0;0;H;0;0;1;35-40 ans;1945.276702;TC;15-19 ans
Row243_Row243_Row243;8;25;Compta Finances;Non;17;CDI;35;1833.65;8;0;1;H;Marié;0;3;50-55 ans;1980.342;TC;05-09 ans
Row244_Row244_Row244;4;67;Consultant;Non;81;CDI;35;1803.3167;8;1;0;H;Célibataire;0;3;30-35 ans;1947.582036;TC;0-04 ans
Row245_Row245_Row245;6;43;Consultant;Non;47;CDI;35;1774.5;16;1;0;F;0;0;2;45-50 ans;2058.42;TC;05-09 ans
Row246_Row246_Row246;16;23;Compta Finances;Non;44;CDI;35;1772.9833;20;1;1;H;0;0;3;50-55 ans;2127.57996;TC;15-19 ans
Row247_Row247_Row247;10;11;Consultant;Non;87;CDI;24;1709.76;10;1;1;H;Marié;0;0;50-55 ans;1880.7359999999999;TP;10-14 ans
Row248_Row248_Row248;6;24;Consultant;Non;87;CDI;35;1703.2167;39;1;0;F;0;0;3;45-50 ans;2367.471213;TC;05-09 ans
Row249_Row249_Row249;22;59;Consultant;Non;98;CDI;35;1697.15;17;1;0;H;Marié;0;3;50-55 ans;1985.6655;TC;20-24 ans
Row250_Row250_Row250;12;41;Marketing;Non;32;CDI;35;1669.85;22;1;0;H;Marié;0;0;25-30 ans;2037.2169999999999;TC;10-14 ans
Row251_Row251_Row251;17;43;Consultant;Non;69;CDI;35;1651.65;18;0;0;H;0;0;0;40-45 ans;1948.9470000000001;TC;15-19 ans
Row252_Row252_Row252;14;44;Marketing;Non;40;CDI;35;1598.5667;18;0;1;F;Marié;0;1;30-35 ans;1886.308706;TC;10-14 ans
Row253_Row253_Row253;15;36;Commercial;Non;62;CDI;35;1590.9833;30;1;1;H;Célibataire;0;2;45-50 ans;2068.27829;TC;15-19 ans
Row254_Row254_Row254;6;17;Consultant;Non;30;CDI;24;1110.72;14;1;0;H;0;0;0;45-50 ans;1266.2208;TP;05-09 ans
Row255_Row255_Row255;12;16;Compta Finances;Non;68;CDI;24;1059.76;1;0;1;F;Marié;0;1;30-35 ans;1070.3576;TP;10-14 ans
